timestamp,Page Views
2023-01-01 00:00:00,980
2023-01-01 01:00:00,224
2023-01-01 02:00:00,692
2023-01-01 03:00:00,391
2023-01-01 04:00:00,848
2023-01-01 05:00:00,711
2023-01-01 06:00:00,632
2023-01-01 07:00:00,1274
2023-01-01 08:00:00,367
2023-01-01 09:00:00,849
2023-01-01 10:00:00,606
2023-01-01 11:00:00,1022
2023-01-01 12:00:00,592
2023-01-01 13:00:00,701
2023-01-01 14:00:00,401
2023-01-01 15:00:00,517
2023-01-01 16:00:00,356
2023-01-01 17:00:00,768
2023-01-01 18:00:00,0
2023-01-01 19:00:00,819
2023-01-01 20:00:00,815
2023-01-01 21:00:00,465
2023-01-01 22:00:00,430
2023-01-01 23:00:00,376
2023-01-02 00:00:00,605
2023-01-02 01:00:00,392
2023-01-02 02:00:00,1136
2023-01-02 03:00:00,1299
2023-01-02 04:00:00,719
2023-01-02 05:00:00,1182
2023-01-02 06:00:00,623
2023-01-02 07:00:00,595
2023-01-02 08:00:00,1351
2023-01-02 09:00:00,574
2023-01-02 10:00:00,765
2023-01-02 11:00:00,736
2023-01-02 12:00:00,903
2023-01-02 13:00:00,1049
2023-01-02 14:00:00,644
2023-01-02 15:00:00,421
2023-01-02 16:00:00,304
2023-01-02 17:00:00,209
2023-01-02 18:00:00,162
2023-01-02 19:00:00,0
2023-01-02 20:00:00,926
2023-01-02 21:00:00,225
2023-01-02 22:00:00,352
2023-01-02 23:00:00,699
2023-01-03 00:00:00,638
2023-01-03 01:00:00,489
2023-01-03 02:00:00,577
2023-01-03 03:00:00,1138
2023-01-03 04:00:00,1181
2023-01-03 05:00:00,717
2023-01-03 06:00:00,634
2023-01-03 07:00:00,644
2023-01-03 08:00:00,993
2023-01-03 09:00:00,770
2023-01-03 10:00:00,539
2023-01-03 11:00:00,803
2023-01-03 12:00:00,868
2023-01-03 13:00:00,168
2023-01-03 14:00:00,482
2023-01-03 15:00:00,220
2023-01-03 16:00:00,358
2023-01-03 17:00:00,0
2023-01-03 18:00:00,712
2023-01-03 19:00:00,0
2023-01-03 20:00:00,636
2023-01-03 21:00:00,651
2023-01-03 22:00:00,78
2023-01-03 23:00:00,588
2023-01-04 00:00:00,278
2023-01-04 01:00:00,1026
2023-01-04 02:00:00,863
2023-01-04 03:00:00,1019
2023-01-04 04:00:00,524
2023-01-04 05:00:00,465
2023-01-04 06:00:00,779
2023-01-04 07:00:00,674
2023-01-04 08:00:00,1177
2023-01-04 09:00:00,358
2023-01-04 10:00:00,438
2023-01-04 11:00:00,571
2023-01-04 12:00:00,531
2023-01-04 13:00:00,344
2023-01-04 14:00:00,422
2023-01-04 15:00:00,81
2023-01-04 16:00:00,0
2023-01-04 17:00:00,203
2023-01-04 18:00:00,561
2023-01-04 19:00:00,24
2023-01-04 20:00:00,0
2023-01-04 21:00:00,423
2023-01-04 22:00:00,733
2023-01-04 23:00:00,172
2023-01-05 00:00:00,801
2023-01-05 01:00:00,336
2023-01-05 02:00:00,133
2023-01-05 03:00:00,1052
2023-01-05 04:00:00,468
2023-01-05 05:00:00,537
2023-01-05 06:00:00,390
2023-01-05 07:00:00,276
2023-01-05 08:00:00,285
2023-01-05 09:00:00,362
2023-01-05 10:00:00,816
2023-01-05 11:00:00,378
2023-01-05 12:00:00,820
2023-01-05 13:00:00,492
2023-01-05 14:00:00,604
2023-01-05 15:00:00,117
2023-01-05 16:00:00,129
2023-01-05 17:00:00,165
2023-01-05 18:00:00,0
2023-01-05 19:00:00,0
2023-01-05 20:00:00,0
2023-01-05 21:00:00,380
2023-01-05 22:00:00,0
2023-01-05 23:00:00,472
2023-01-06 00:00:00,259
2023-01-06 01:00:00,289
2023-01-06 02:00:00,760
2023-01-06 03:00:00,391
2023-01-06 04:00:00,681
2023-01-06 05:00:00,992
2023-01-06 06:00:00,959
2023-01-06 07:00:00,829
2023-01-06 08:00:00,205
2023-01-06 09:00:00,275
2023-01-06 10:00:00,389
2023-01-06 11:00:00,395
2023-01-06 12:00:00,416
2023-01-06 13:00:00,308
2023-01-06 14:00:00,0
2023-01-06 15:00:00,0
2023-01-06 16:00:00,0
2023-01-06 17:00:00,0
2023-01-06 18:00:00,22
2023-01-06 19:00:00,490
2023-01-06 20:00:00,0
2023-01-06 21:00:00,0
2023-01-06 22:00:00,0
2023-01-06 23:00:00,283
2023-01-07 00:00:00,295
2023-01-07 01:00:00,872
2023-01-07 02:00:00,792
2023-01-07 03:00:00,727
2023-01-07 04:00:00,312
2023-01-07 05:00:00,292
2023-01-07 06:00:00,920
2023-01-07 07:00:00,704
2023-01-07 08:00:00,731
2023-01-07 09:00:00,556
2023-01-07 10:00:00,785
2023-01-07 11:00:00,253
2023-01-07 12:00:00,564
2023-01-07 13:00:00,398
2023-01-07 14:00:00,16
2023-01-07 15:00:00,120
2023-01-07 16:00:00,328
2023-01-07 17:00:00,141
2023-01-07 18:00:00,0
2023-01-07 19:00:00,0
2023-01-07 20:00:00,401
2023-01-07 21:00:00,273
2023-01-07 22:00:00,496
2023-01-07 23:00:00,705
2023-01-08 00:00:00,548
2023-01-08 01:00:00,412
2023-01-08 02:00:00,645
2023-01-08 03:00:00,450
2023-01-08 04:00:00,536
2023-01-08 05:00:00,983
2023-01-08 06:00:00,953
2023-01-08 07:00:00,1119
2023-01-08 08:00:00,1092
2023-01-08 09:00:00,1070
2023-01-08 10:00:00,476
2023-01-08 11:00:00,683
2023-01-08 12:00:00,891
2023-01-08 13:00:00,380
2023-01-08 14:00:00,543
2023-01-08 15:00:00,34
2023-01-08 16:00:00,196
2023-01-08 17:00:00,785
2023-01-08 18:00:00,168
2023-01-08 19:00:00,73
2023-01-08 20:00:00,547
2023-01-08 21:00:00,571
2023-01-08 22:00:00,742
2023-01-08 23:00:00,634
2023-01-09 00:00:00,378
2023-01-09 01:00:00,679
2023-01-09 02:00:00,995
2023-01-09 03:00:00,492
2023-01-09 04:00:00,1158
2023-01-09 05:00:00,686
2023-01-09 06:00:00,1421
2023-01-09 07:00:00,613
2023-01-09 08:00:00,457
2023-01-09 09:00:00,649
2023-01-09 10:00:00,1138
2023-01-09 11:00:00,596
2023-01-09 12:00:00,742
2023-01-09 13:00:00,1118
2023-01-09 14:00:00,246
2023-01-09 15:00:00,842
2023-01-09 16:00:00,580
2023-01-09 17:00:00,43
2023-01-09 18:00:00,58
2023-01-09 19:00:00,847
2023-01-09 20:00:00,591
2023-01-09 21:00:00,701
2023-01-09 22:00:00,790
2023-01-09 23:00:00,866
2023-01-10 00:00:00,337
2023-01-10 01:00:00,579
2023-01-10 02:00:00,1157
2023-01-10 03:00:00,520
2023-01-10 04:00:00,1237
2023-01-10 05:00:00,1245
2023-01-10 06:00:00,717
2023-01-10 07:00:00,1000
2023-01-10 08:00:00,885
2023-01-10 09:00:00,493
2023-01-10 10:00:00,629
2023-01-10 11:00:00,848
2023-01-10 12:00:00,432
2023-01-10 13:00:00,865
2023-01-10 14:00:00,766
2023-01-10 15:00:00,40
2023-01-10 16:00:00,844
2023-01-10 17:00:00,565
2023-01-10 18:00:00,280
2023-01-10 19:00:00,348
2023-01-10 20:00:00,366
2023-01-10 21:00:00,643
2023-01-10 22:00:00,458
2023-01-10 23:00:00,288
2023-01-11 00:00:00,957
2023-01-11 01:00:00,812
2023-01-11 02:00:00,998
2023-01-11 03:00:00,914
2023-01-11 04:00:00,1278
2023-01-11 05:00:00,1002
2023-01-11 06:00:00,1107
2023-01-11 07:00:00,1164
2023-01-11 08:00:00,605
2023-01-11 09:00:00,272
2023-01-11 10:00:00,442
2023-01-11 11:00:00,1105
2023-01-11 12:00:00,97
2023-01-11 13:00:00,853
2023-01-11 14:00:00,0
2023-01-11 15:00:00,677
2023-01-11 16:00:00,175
2023-01-11 17:00:00,331
2023-01-11 18:00:00,640
2023-01-11 19:00:00,437
2023-01-11 20:00:00,159
2023-01-11 21:00:00,0
2023-01-11 22:00:00,183
2023-01-11 23:00:00,783
2023-01-12 00:00:00,0
2023-01-12 01:00:00,678
2023-01-12 02:00:00,690
2023-01-12 03:00:00,148
2023-01-12 04:00:00,844
2023-01-12 05:00:00,1098
2023-01-12 06:00:00,1153
2023-01-12 07:00:00,758
2023-01-12 08:00:00,597
2023-01-12 09:00:00,991
2023-01-12 10:00:00,160
2023-01-12 11:00:00,931
2023-01-12 12:00:00,0
2023-01-12 13:00:00,71
2023-01-12 14:00:00,493
2023-01-12 15:00:00,154
2023-01-12 16:00:00,0
2023-01-12 17:00:00,0
2023-01-12 18:00:00,427
2023-01-12 19:00:00,308
2023-01-12 20:00:00,0
2023-01-12 21:00:00,554
2023-01-12 22:00:00,72
2023-01-12 23:00:00,307
2023-01-13 00:00:00,0
2023-01-13 01:00:00,713
2023-01-13 02:00:00,636
2023-01-13 03:00:00,236
2023-01-13 04:00:00,697
2023-01-13 05:00:00,745
2023-01-13 06:00:00,907
2023-01-13 07:00:00,107
2023-01-13 08:00:00,89
2023-01-13 09:00:00,79
2023-01-13 10:00:00,158
2023-01-13 11:00:00,0
2023-01-13 12:00:00,567
2023-01-13 13:00:00,0
2023-01-13 14:00:00,0
2023-01-13 15:00:00,0
2023-01-13 16:00:00,232
2023-01-13 17:00:00,0
2023-01-13 18:00:00,0
2023-01-13 19:00:00,163
2023-01-13 20:00:00,5
2023-01-13 21:00:00,15
2023-01-13 22:00:00,0
2023-01-13 23:00:00,131
2023-01-14 00:00:00,149
2023-01-14 01:00:00,314
2023-01-14 02:00:00,426
2023-01-14 03:00:00,399
2023-01-14 04:00:00,881
2023-01-14 05:00:00,1170
2023-01-14 06:00:00,372
2023-01-14 07:00:00,1198
2023-01-14 08:00:00,484
2023-01-14 09:00:00,1162
2023-01-14 10:00:00,117
2023-01-14 11:00:00,804
2023-01-14 12:00:00,430
2023-01-14 13:00:00,14
2023-01-14 14:00:00,0
2023-01-14 15:00:00,0
2023-01-14 16:00:00,542
2023-01-14 17:00:00,357
2023-01-14 18:00:00,290
2023-01-14 19:00:00,0
2023-01-14 20:00:00,95
2023-01-14 21:00:00,0
2023-01-14 22:00:00,0
2023-01-14 23:00:00,216
2023-01-15 00:00:00,435
2023-01-15 01:00:00,398
2023-01-15 02:00:00,666
2023-01-15 03:00:00,320
2023-01-15 04:00:00,361
2023-01-15 05:00:00,1113
2023-01-15 06:00:00,1196
2023-01-15 07:00:00,489
2023-01-15 08:00:00,496
2023-01-15 09:00:00,837
2023-01-15 10:00:00,954
2023-01-15 11:00:00,674
2023-01-15 12:00:00,1015
2023-01-15 13:00:00,753
2023-01-15 14:00:00,617
2023-01-15 15:00:00,512
2023-01-15 16:00:00,207
2023-01-15 17:00:00,0
2023-01-15 18:00:00,361
2023-01-15 19:00:00,454
2023-01-15 20:00:00,290
2023-01-15 21:00:00,693
2023-01-15 22:00:00,219
2023-01-15 23:00:00,197
2023-01-16 00:00:00,482
2023-01-16 01:00:00,1108
2023-01-16 02:00:00,599
2023-01-16 03:00:00,839
2023-01-16 04:00:00,1132
2023-01-16 05:00:00,1238
2023-01-16 06:00:00,608
2023-01-16 07:00:00,780
2023-01-16 08:00:00,1162
2023-01-16 09:00:00,1262
2023-01-16 10:00:00,1179
2023-01-16 11:00:00,485
2023-01-16 12:00:00,646
2023-01-16 13:00:00,534
2023-01-16 14:00:00,235
2023-01-16 15:00:00,336
2023-01-16 16:00:00,0
2023-01-16 17:00:00,742
2023-01-16 18:00:00,641
2023-01-16 19:00:00,269
2023-01-16 20:00:00,264
2023-01-16 21:00:00,427
2023-01-16 22:00:00,448
2023-01-16 23:00:00,1001
2023-01-17 00:00:00,328
2023-01-17 01:00:00,558
2023-01-17 02:00:00,1155
2023-01-17 03:00:00,505
2023-01-17 04:00:00,624
2023-01-17 05:00:00,611
2023-01-17 06:00:00,1353
2023-01-17 07:00:00,821
2023-01-17 08:00:00,905
2023-01-17 09:00:00,506
2023-01-17 10:00:00,805
2023-01-17 11:00:00,635
2023-01-17 12:00:00,1116
2023-01-17 13:00:00,191
2023-01-17 14:00:00,789
2023-01-17 15:00:00,185
2023-01-17 16:00:00,37
2023-01-17 17:00:00,0
2023-01-17 18:00:00,667
2023-01-17 19:00:00,808
2023-01-17 20:00:00,795
2023-01-17 21:00:00,44
2023-01-17 22:00:00,510
2023-01-17 23:00:00,362
2023-01-18 00:00:00,975
2023-01-18 01:00:00,693
2023-01-18 02:00:00,803
2023-01-18 03:00:00,1378
2023-01-18 04:00:00,1022
2023-01-18 05:00:00,423
2023-01-18 06:00:00,1171
2023-01-18 07:00:00,382
2023-01-18 08:00:00,636
2023-01-18 09:00:00,1255
2023-01-18 10:00:00,1091
2023-01-18 11:00:00,582
2023-01-18 12:00:00,264
2023-01-18 13:00:00,22
2023-01-18 14:00:00,668
2023-01-18 15:00:00,0
2023-01-18 16:00:00,176
2023-01-18 17:00:00,0
2023-01-18 18:00:00,380
2023-01-18 19:00:00,607
2023-01-18 20:00:00,105
2023-01-18 21:00:00,0
2023-01-18 22:00:00,612
2023-01-18 23:00:00,213
2023-01-19 00:00:00,720
2023-01-19 01:00:00,139
2023-01-19 02:00:00,674
2023-01-19 03:00:00,1092
2023-01-19 04:00:00,866
2023-01-19 05:00:00,975
2023-01-19 06:00:00,738
2023-01-19 07:00:00,1111
2023-01-19 08:00:00,792
2023-01-19 09:00:00,432
2023-01-19 10:00:00,763
2023-01-19 11:00:00,345
2023-01-19 12:00:00,0
2023-01-19 13:00:00,421
2023-01-19 14:00:00,0
2023-01-19 15:00:00,0
2023-01-19 16:00:00,0
2023-01-19 17:00:00,0
2023-01-19 18:00:00,153
2023-01-19 19:00:00,0
2023-01-19 20:00:00,0
2023-01-19 21:00:00,149
2023-01-19 22:00:00,0
2023-01-19 23:00:00,0
2023-01-20 00:00:00,625
2023-01-20 01:00:00,125
2023-01-20 02:00:00,877
2023-01-20 03:00:00,888
2023-01-20 04:00:00,821
2023-01-20 05:00:00,1007
2023-01-20 06:00:00,336
2023-01-20 07:00:00,1063
2023-01-20 08:00:00,576
2023-01-20 09:00:00,763
2023-01-20 10:00:00,48
2023-01-20 11:00:00,413
2023-01-20 12:00:00,443
2023-01-20 13:00:00,401
2023-01-20 14:00:00,0
2023-01-20 15:00:00,221
2023-01-20 16:00:00,225
2023-01-20 17:00:00,5
2023-01-20 18:00:00,45
2023-01-20 19:00:00,32
2023-01-20 20:00:00,474
2023-01-20 21:00:00,0
2023-01-20 22:00:00,184
2023-01-20 23:00:00,534
2023-01-21 00:00:00,407
2023-01-21 01:00:00,864
2023-01-21 02:00:00,629
2023-01-21 03:00:00,545
2023-01-21 04:00:00,270
2023-01-21 05:00:00,699
2023-01-21 06:00:00,744
2023-01-21 07:00:00,813
2023-01-21 08:00:00,865
2023-01-21 09:00:00,1019
2023-01-21 10:00:00,733
2023-01-21 11:00:00,755
2023-01-21 12:00:00,20
2023-01-21 13:00:00,492
2023-01-21 14:00:00,0
2023-01-21 15:00:00,0
2023-01-21 16:00:00,305
2023-01-21 17:00:00,54
2023-01-21 18:00:00,459
2023-01-21 19:00:00,113
2023-01-21 20:00:00,220
2023-01-21 21:00:00,632
2023-01-21 22:00:00,586
2023-01-21 23:00:00,386
2023-01-22 00:00:00,481
2023-01-22 01:00:00,394
2023-01-22 02:00:00,1135
2023-01-22 03:00:00,648
2023-01-22 04:00:00,975
2023-01-22 05:00:00,764
2023-01-22 06:00:00,1147
2023-01-22 07:00:00,444
2023-01-22 08:00:00,1054
2023-01-22 09:00:00,386
2023-01-22 10:00:00,987
2023-01-22 11:00:00,1011
2023-01-22 12:00:00,759
2023-01-22 13:00:00,619
2023-01-22 14:00:00,923
2023-01-22 15:00:00,746
2023-01-22 16:00:00,222
2023-01-22 17:00:00,539
2023-01-22 18:00:00,682
2023-01-22 19:00:00,45
2023-01-22 20:00:00,805
2023-01-22 21:00:00,857
2023-01-22 22:00:00,412
2023-01-22 23:00:00,601
2023-01-23 00:00:00,952
2023-01-23 01:00:00,521
2023-01-23 02:00:00,498
2023-01-23 03:00:00,1342
2023-01-23 04:00:00,650
2023-01-23 05:00:00,1138
2023-01-23 06:00:00,519
2023-01-23 07:00:00,746
2023-01-23 08:00:00,1497
2023-01-23 09:00:00,508
2023-01-23 10:00:00,961
2023-01-23 11:00:00,1270
2023-01-23 12:00:00,616
2023-01-23 13:00:00,1070
2023-01-23 14:00:00,554
2023-01-23 15:00:00,563
2023-01-23 16:00:00,277
2023-01-23 17:00:00,145
2023-01-23 18:00:00,467
2023-01-23 19:00:00,286
2023-01-23 20:00:00,55
2023-01-23 21:00:00,133
2023-01-23 22:00:00,311
2023-01-23 23:00:00,199
2023-01-24 00:00:00,1149
2023-01-24 01:00:00,781
2023-01-24 02:00:00,460
2023-01-24 03:00:00,854
2023-01-24 04:00:00,561
2023-01-24 05:00:00,1308
2023-01-24 06:00:00,1425
2023-01-24 07:00:00,885
2023-01-24 08:00:00,1200
2023-01-24 09:00:00,1315
2023-01-24 10:00:00,428
2023-01-24 11:00:00,1265
2023-01-24 12:00:00,340
2023-01-24 13:00:00,396
2023-01-24 14:00:00,317
2023-01-24 15:00:00,850
2023-01-24 16:00:00,306
2023-01-24 17:00:00,386
2023-01-24 18:00:00,272
2023-01-24 19:00:00,693
2023-01-24 20:00:00,726
2023-01-24 21:00:00,721
2023-01-24 22:00:00,772
2023-01-24 23:00:00,828
2023-01-25 00:00:00,659
2023-01-25 01:00:00,334
2023-01-25 02:00:00,652
2023-01-25 03:00:00,1170
2023-01-25 04:00:00,1163
2023-01-25 05:00:00,837
2023-01-25 06:00:00,628
2023-01-25 07:00:00,672
2023-01-25 08:00:00,1064
2023-01-25 09:00:00,310
2023-01-25 10:00:00,703
2023-01-25 11:00:00,174
2023-01-25 12:00:00,562
2023-01-25 13:00:00,858
2023-01-25 14:00:00,603
2023-01-25 15:00:00,87
2023-01-25 16:00:00,1
2023-01-25 17:00:00,58
2023-01-25 18:00:00,609
2023-01-25 19:00:00,625
2023-01-25 20:00:00,0
2023-01-25 21:00:00,498
2023-01-25 22:00:00,581
2023-01-25 23:00:00,18
2023-01-26 00:00:00,828
2023-01-26 01:00:00,1023
2023-01-26 02:00:00,340
2023-01-26 03:00:00,458
2023-01-26 04:00:00,1139
2023-01-26 05:00:00,908
2023-01-26 06:00:00,1019
2023-01-26 07:00:00,597
2023-01-26 08:00:00,841
2023-01-26 09:00:00,341
2023-01-26 10:00:00,747
2023-01-26 11:00:00,283
2023-01-26 12:00:00,334
2023-01-26 13:00:00,55
2023-01-26 14:00:00,373
2023-01-26 15:00:00,39
2023-01-26 16:00:00,0
2023-01-26 17:00:00,0
2023-01-26 18:00:00,129
2023-01-26 19:00:00,0
2023-01-26 20:00:00,0
2023-01-26 21:00:00,183
2023-01-26 22:00:00,147
2023-01-26 23:00:00,96
2023-01-27 00:00:00,772
2023-01-27 01:00:00,223
2023-01-27 02:00:00,199
2023-01-27 03:00:00,107
2023-01-27 04:00:00,784
2023-01-27 05:00:00,968
2023-01-27 06:00:00,879
2023-01-27 07:00:00,900
2023-01-27 08:00:00,880
2023-01-27 09:00:00,141
2023-01-27 10:00:00,607
2023-01-27 11:00:00,700
2023-01-27 12:00:00,0
2023-01-27 13:00:00,0
2023-01-27 14:00:00,0
2023-01-27 15:00:00,343
2023-01-27 16:00:00,361
2023-01-27 17:00:00,27
2023-01-27 18:00:00,199
2023-01-27 19:00:00,0
2023-01-27 20:00:00,0
2023-01-27 21:00:00,322
2023-01-27 22:00:00,0
2023-01-27 23:00:00,0
2023-01-28 00:00:00,703
2023-01-28 01:00:00,850
2023-01-28 02:00:00,189
2023-01-28 03:00:00,167
2023-01-28 04:00:00,1001
2023-01-28 05:00:00,525
2023-01-28 06:00:00,1248
2023-01-28 07:00:00,930
2023-01-28 08:00:00,933
2023-01-28 09:00:00,1018
2023-01-28 10:00:00,452
2023-01-28 11:00:00,612
2023-01-28 12:00:00,0
2023-01-28 13:00:00,591
2023-01-28 14:00:00,270
2023-01-28 15:00:00,65
2023-01-28 16:00:00,0
2023-01-28 17:00:00,0
2023-01-28 18:00:00,355
2023-01-28 19:00:00,0
2023-01-28 20:00:00,615
2023-01-28 21:00:00,653
2023-01-28 22:00:00,779
2023-01-28 23:00:00,331
2023-01-29 00:00:00,356
2023-01-29 01:00:00,483
2023-01-29 02:00:00,337
2023-01-29 03:00:00,327
2023-01-29 04:00:00,575
2023-01-29 05:00:00,450
2023-01-29 06:00:00,523
2023-01-29 07:00:00,644
2023-01-29 08:00:00,911
2023-01-29 09:00:00,1073
2023-01-29 10:00:00,973
2023-01-29 11:00:00,733
2023-01-29 12:00:00,375
2023-01-29 13:00:00,834
2023-01-29 14:00:00,157
2023-01-29 15:00:00,0
2023-01-29 16:00:00,780
2023-01-29 17:00:00,818
2023-01-29 18:00:00,71
2023-01-29 19:00:00,103
2023-01-29 20:00:00,720
2023-01-29 21:00:00,836
2023-01-29 22:00:00,199
2023-01-29 23:00:00,239
2023-01-30 00:00:00,995
2023-01-30 01:00:00,408
2023-01-30 02:00:00,1148
2023-01-30 03:00:00,624
2023-01-30 04:00:00,1242
2023-01-30 05:00:00,1081
2023-01-30 06:00:00,988
2023-01-30 07:00:00,730
2023-01-30 08:00:00,1362
2023-01-30 09:00:00,756
2023-01-30 10:00:00,370
2023-01-30 11:00:00,1147
2023-01-30 12:00:00,404
2023-01-30 13:00:00,321
2023-01-30 14:00:00,984
2023-01-30 15:00:00,605
2023-01-30 16:00:00,53
2023-01-30 17:00:00,546
2023-01-30 18:00:00,899
2023-01-30 19:00:00,857
2023-01-30 20:00:00,213
2023-01-30 21:00:00,117
2023-01-30 22:00:00,849
2023-01-30 23:00:00,1103
2023-01-31 00:00:00,764
2023-01-31 01:00:00,337
2023-01-31 02:00:00,1047
2023-01-31 03:00:00,1111
2023-01-31 04:00:00,544
2023-01-31 05:00:00,1403
2023-01-31 06:00:00,915
2023-01-31 07:00:00,765
2023-01-31 08:00:00,1178
2023-01-31 09:00:00,1017
2023-01-31 10:00:00,644
2023-01-31 11:00:00,561
2023-01-31 12:00:00,933
2023-01-31 13:00:00,770
2023-01-31 14:00:00,137
2023-01-31 15:00:00,0
2023-01-31 16:00:00,810
2023-01-31 17:00:00,101
2023-01-31 18:00:00,639
2023-01-31 19:00:00,665
2023-01-31 20:00:00,576
2023-01-31 21:00:00,762
2023-01-31 22:00:00,348
2023-01-31 23:00:00,892
2023-02-01 00:00:00,236
2023-02-01 01:00:00,601
2023-02-01 02:00:00,806
2023-02-01 03:00:00,977
2023-02-01 04:00:00,1191
2023-02-01 05:00:00,782
2023-02-01 06:00:00,725
2023-02-01 07:00:00,995
2023-02-01 08:00:00,1133
2023-02-01 09:00:00,1112
2023-02-01 10:00:00,631
2023-02-01 11:00:00,825
2023-02-01 12:00:00,465
2023-02-01 13:00:00,219
2023-02-01 14:00:00,0
2023-02-01 15:00:00,278
2023-02-01 16:00:00,174
2023-02-01 17:00:00,0
2023-02-01 18:00:00,568
2023-02-01 19:00:00,0
2023-02-01 20:00:00,383
2023-02-01 21:00:00,633
2023-02-01 22:00:00,95
2023-02-01 23:00:00,95
2023-02-02 00:00:00,463
2023-02-02 01:00:00,656
2023-02-02 02:00:00,550
2023-02-02 03:00:00,530
2023-02-02 04:00:00,533
2023-02-02 05:00:00,779
2023-02-02 06:00:00,663
2023-02-02 07:00:00,289
2023-02-02 08:00:00,365
2023-02-02 09:00:00,729
2023-02-02 10:00:00,398
2023-02-02 11:00:00,351
2023-02-02 12:00:00,165
2023-02-02 13:00:00,422
2023-02-02 14:00:00,329
2023-02-02 15:00:00,128
2023-02-02 16:00:00,494
2023-02-02 17:00:00,454
2023-02-02 18:00:00,111
2023-02-02 19:00:00,0
2023-02-02 20:00:00,321
2023-02-02 21:00:00,232
2023-02-02 22:00:00,66
2023-02-02 23:00:00,156
2023-02-03 00:00:00,555
2023-02-03 01:00:00,379
2023-02-03 02:00:00,666
2023-02-03 03:00:00,660
2023-02-03 04:00:00,289
2023-02-03 05:00:00,491
2023-02-03 06:00:00,519
2023-02-03 07:00:00,436
2023-02-03 08:00:00,1109
2023-02-03 09:00:00,846
2023-02-03 10:00:00,120
2023-02-03 11:00:00,69
2023-02-03 12:00:00,498
2023-02-03 13:00:00,201
2023-02-03 14:00:00,0
2023-02-03 15:00:00,484
2023-02-03 16:00:00,474
2023-02-03 17:00:00,137
2023-02-03 18:00:00,25
2023-02-03 19:00:00,507
2023-02-03 20:00:00,0
2023-02-03 21:00:00,0
2023-02-03 22:00:00,13
2023-02-03 23:00:00,294
2023-02-04 00:00:00,7
2023-02-04 01:00:00,0
2023-02-04 02:00:00,821
2023-02-04 03:00:00,639
2023-02-04 04:00:00,309
2023-02-04 05:00:00,773
2023-02-04 06:00:00,1109
2023-02-04 07:00:00,469
2023-02-04 08:00:00,264
2023-02-04 09:00:00,1002
2023-02-04 10:00:00,839
2023-02-04 11:00:00,915
2023-02-04 12:00:00,567
2023-02-04 13:00:00,845
2023-02-04 14:00:00,436
2023-02-04 15:00:00,678
2023-02-04 16:00:00,0
2023-02-04 17:00:00,28
2023-02-04 18:00:00,288
2023-02-04 19:00:00,338
2023-02-04 20:00:00,403
2023-02-04 21:00:00,590
2023-02-04 22:00:00,215
2023-02-04 23:00:00,687
2023-02-05 00:00:00,551
2023-02-05 01:00:00,422
2023-02-05 02:00:00,946
2023-02-05 03:00:00,504
2023-02-05 04:00:00,403
2023-02-05 05:00:00,868
2023-02-05 06:00:00,1018
2023-02-05 07:00:00,727
2023-02-05 08:00:00,717
2023-02-05 09:00:00,304
2023-02-05 10:00:00,539
2023-02-05 11:00:00,849
2023-02-05 12:00:00,722
2023-02-05 13:00:00,846
2023-02-05 14:00:00,88
2023-02-05 15:00:00,362
2023-02-05 16:00:00,335
2023-02-05 17:00:00,314
2023-02-05 18:00:00,643
2023-02-05 19:00:00,760
2023-02-05 20:00:00,112
2023-02-05 21:00:00,895
2023-02-05 22:00:00,827
2023-02-05 23:00:00,120
2023-02-06 00:00:00,943
2023-02-06 01:00:00,457
2023-02-06 02:00:00,1075
2023-02-06 03:00:00,1310
2023-02-06 04:00:00,1185
2023-02-06 05:00:00,595
2023-02-06 06:00:00,938
2023-02-06 07:00:00,652
2023-02-06 08:00:00,1016
2023-02-06 09:00:00,1420
2023-02-06 10:00:00,1072
2023-02-06 11:00:00,898
2023-02-06 12:00:00,1154
2023-02-06 13:00:00,580
2023-02-06 14:00:00,164
2023-02-06 15:00:00,101
2023-02-06 16:00:00,642
2023-02-06 17:00:00,17
2023-02-06 18:00:00,679
2023-02-06 19:00:00,546
2023-02-06 20:00:00,233
2023-02-06 21:00:00,211
2023-02-06 22:00:00,861
2023-02-06 23:00:00,438
2023-02-07 00:00:00,235
2023-02-07 01:00:00,1130
2023-02-07 02:00:00,692
2023-02-07 03:00:00,614
2023-02-07 04:00:00,709
2023-02-07 05:00:00,1269
2023-02-07 06:00:00,1175
2023-02-07 07:00:00,1131
2023-02-07 08:00:00,989
2023-02-07 09:00:00,1112
2023-02-07 10:00:00,948
2023-02-07 11:00:00,545
2023-02-07 12:00:00,273
2023-02-07 13:00:00,683
2023-02-07 14:00:00,520
2023-02-07 15:00:00,269
2023-02-07 16:00:00,740
2023-02-07 17:00:00,286
2023-02-07 18:00:00,64
2023-02-07 19:00:00,645
2023-02-07 20:00:00,142
2023-02-07 21:00:00,272
2023-02-07 22:00:00,704
2023-02-07 23:00:00,703
2023-02-08 00:00:00,512
2023-02-08 01:00:00,607
2023-02-08 02:00:00,439
2023-02-08 03:00:00,622
2023-02-08 04:00:00,532
2023-02-08 05:00:00,894
2023-02-08 06:00:00,1005
2023-02-08 07:00:00,498
2023-02-08 08:00:00,1177
2023-02-08 09:00:00,1104
2023-02-08 10:00:00,863
2023-02-08 11:00:00,693
2023-02-08 12:00:00,772
2023-02-08 13:00:00,202
2023-02-08 14:00:00,187
2023-02-08 15:00:00,279
2023-02-08 16:00:00,0
2023-02-08 17:00:00,496
2023-02-08 18:00:00,391
2023-02-08 19:00:00,537
2023-02-08 20:00:00,21
2023-02-08 21:00:00,0
2023-02-08 22:00:00,421
2023-02-08 23:00:00,477
2023-02-09 00:00:00,17
2023-02-09 01:00:00,193
2023-02-09 02:00:00,149
2023-02-09 03:00:00,492
2023-02-09 04:00:00,798
2023-02-09 05:00:00,1031
2023-02-09 06:00:00,322
2023-02-09 07:00:00,933
2023-02-09 08:00:00,223
2023-02-09 09:00:00,977
2023-02-09 10:00:00,947
2023-02-09 11:00:00,277
2023-02-09 12:00:00,46
2023-02-09 13:00:00,238
2023-02-09 14:00:00,0
2023-02-09 15:00:00,461
2023-02-09 16:00:00,0
2023-02-09 17:00:00,463
2023-02-09 18:00:00,134
2023-02-09 19:00:00,208
2023-02-09 20:00:00,15
2023-02-09 21:00:00,0
2023-02-09 22:00:00,273
2023-02-09 23:00:00,230
2023-02-10 00:00:00,794
2023-02-10 01:00:00,436
2023-02-10 02:00:00,679
2023-02-10 03:00:00,936
2023-02-10 04:00:00,615
2023-02-10 05:00:00,920
2023-02-10 06:00:00,923
2023-02-10 07:00:00,263
2023-02-10 08:00:00,608
2023-02-10 09:00:00,970
2023-02-10 10:00:00,383
2023-02-10 11:00:00,612
2023-02-10 12:00:00,465
2023-02-10 13:00:00,0
2023-02-10 14:00:00,0
2023-02-10 15:00:00,481
2023-02-10 16:00:00,0
2023-02-10 17:00:00,0
2023-02-10 18:00:00,252
2023-02-10 19:00:00,0
2023-02-10 20:00:00,305
2023-02-10 21:00:00,0
2023-02-10 22:00:00,0
2023-02-10 23:00:00,133
2023-02-11 00:00:00,171
2023-02-11 01:00:00,458
2023-02-11 02:00:00,381
2023-02-11 03:00:00,588
2023-02-11 04:00:00,460
2023-02-11 05:00:00,413
2023-02-11 06:00:00,1050
2023-02-11 07:00:00,577
2023-02-11 08:00:00,605
2023-02-11 09:00:00,300
2023-02-11 10:00:00,662
2023-02-11 11:00:00,670
2023-02-11 12:00:00,159
2023-02-11 13:00:00,673
2023-02-11 14:00:00,624
2023-02-11 15:00:00,33
