timestamp_col,page_views,Traffic Source
2023-01-01 00:00:00,1286.6928549206405,Referral
2023-01-01 01:00:00,1014.6997680147391,Paid
2023-01-01 02:00:00,995.923935162698,Referral
2023-01-01 03:00:00,926.3427911254961,Paid
2023-01-01 04:00:00,216.83399010714015,Referral
2023-01-01 05:00:00,1224.695805799135,Paid
2023-01-01 06:00:00,1531.8473409319527,Referral
2023-01-01 07:00:00,1501.6020574443571,Paid
2023-01-01 08:00:00,316.058497939686,Direct
2023-01-01 09:00:00,850.4775496583866,Referral
2023-01-01 10:00:00,1555.591441192506,Organic
2023-01-01 11:00:00,821.5617223720262,Paid
2023-01-01 12:00:00,1498.1537086299277,Referral
2023-01-01 13:00:00,872.8637366478649,Referral
2023-01-01 14:00:00,302.686415980493,Organic
2023-01-01 15:00:00,851.5555466416087,Paid
2023-01-01 16:00:00,545.2872803008222,Paid
2023-01-01 17:00:00,1225.2688418512678,Referral
2023-01-01 18:00:00,328.49489140875744,Referral
2023-01-01 19:00:00,841.3952410177138,Paid
2023-01-01 20:00:00,1611.7468966657,Referral
2023-01-01 21:00:00,1534.100195934545,Paid
2023-01-01 22:00:00,1421.668951149524,Referral
2023-01-01 23:00:00,1287.0631011570154,Organic
2023-01-02 00:00:00,907.2289557572861,Direct
2023-01-02 01:00:00,922.6786610287234,Paid
2023-01-02 02:00:00,932.6707121756177,Paid
2023-01-02 03:00:00,913.8248588077539,Referral
2023-01-02 04:00:00,1454.7956645883792,Paid
2023-01-02 05:00:00,1537.3225216572303,Organic
2023-01-02 06:00:00,639.2143013419252,Organic
2023-01-02 07:00:00,818.0913069933515,Direct
2023-01-02 08:00:00,383.12207673969607,Paid
2023-01-02 09:00:00,1326.5017669365054,Referral
2023-01-02 10:00:00,984.9700982168789,Direct
2023-01-02 11:00:00,789.3646980597142,Direct
2023-01-02 12:00:00,953.4110725090001,Direct
2023-01-02 13:00:00,526.2994575470175,Referral
2023-01-02 14:00:00,680.4748268881659,Paid
2023-01-02 15:00:00,503.5514926535224,Paid
2023-01-02 16:00:00,1117.074302547407,Direct
2023-01-02 17:00:00,1713.6162587414856,Direct
2023-01-02 18:00:00,449.1784757282852,Paid
2023-01-02 19:00:00,1674.9310739578239,Direct
2023-01-02 20:00:00,1390.1153317070514,Organic
2023-01-02 21:00:00,1375.200862810598,Direct
2023-01-02 22:00:00,1784.486607263859,Paid
2023-01-02 23:00:00,543.6810591281238,Paid
2023-01-03 00:00:00,477.47494160709084,Referral
2023-01-03 01:00:00,980.6959839541764,Referral
2023-01-03 02:00:00,1596.7123398851224,Direct
2023-01-03 03:00:00,843.6638952073281,Referral
2023-01-03 04:00:00,1761.0696767802208,Referral
2023-01-03 05:00:00,573.3050862275322,Direct
2023-01-03 06:00:00,1254.153489253401,Organic
2023-01-03 07:00:00,1310.4486979818128,Direct
2023-01-03 08:00:00,798.6406222375629,Organic
2023-01-03 09:00:00,834.0900611490014,Paid
2023-01-03 10:00:00,1392.8828128734194,Organic
2023-01-03 11:00:00,1274.3440764195198,Direct
2023-01-03 12:00:00,957.9126823324606,Paid
2023-01-03 13:00:00,1852.1355263076803,Referral
2023-01-03 14:00:00,1177.8351482275973,Organic
2023-01-03 15:00:00,1861.2307187899282,Direct
2023-01-03 16:00:00,615.2142790386694,Organic
2023-01-03 17:00:00,1399.8155078992406,Referral
2023-01-03 18:00:00,1274.3081613046338,Direct
2023-01-03 19:00:00,1863.4192819032096,Referral
2023-01-03 20:00:00,1774.2305715608506,Paid
2023-01-03 21:00:00,702.7771476870176,Paid
2023-01-03 22:00:00,1421.9675046731707,Paid
2023-01-03 23:00:00,1782.0843219185715,Paid
2023-01-04 00:00:00,445.0945914097664,Referral
2023-01-04 01:00:00,1691.4930600388836,Direct
2023-01-04 02:00:00,987.3478899886607,Paid
2023-01-04 03:00:00,1756.0465028405417,Organic
2023-01-04 04:00:00,1295.8554149709191,Organic
2023-01-04 05:00:00,1597.0740924723623,Paid
2023-01-04 06:00:00,1024.8589611391733,Paid
2023-01-04 07:00:00,896.3924870051887,Direct
2023-01-04 08:00:00,1467.3077413167016,Paid
2023-01-04 09:00:00,1453.9694601351023,Direct
2023-01-04 10:00:00,1064.3499664331564,Paid
2023-01-04 11:00:00,556.849331870167,Paid
2023-01-04 12:00:00,1492.3207744708077,Direct
2023-01-04 13:00:00,1744.1088856106062,Referral
2023-01-04 14:00:00,1681.0422760367894,Paid
2023-01-04 15:00:00,1015.5962949609872,Direct
2023-01-04 16:00:00,702.4436295559583,Paid
2023-01-04 17:00:00,784.3563003286232,Organic
2023-01-04 18:00:00,1107.4591877467044,Organic
2023-01-04 19:00:00,743.0405510243546,Organic
2023-01-04 20:00:00,586.3256128452912,Direct
2023-01-04 21:00:00,541.7961954288736,Referral
2023-01-04 22:00:00,1033.3044832102855,Referral
2023-01-04 23:00:00,1774.9405710586161,Paid
2023-01-05 00:00:00,632.5526250180747,Referral
2023-01-05 01:00:00,844.8887499619586,Organic
2023-01-05 02:00:00,1131.599833204837,Referral
2023-01-05 03:00:00,1421.0953436916047,Organic
2023-01-05 04:00:00,1290.5663852876223,Direct
2023-01-05 05:00:00,1829.1504281003008,Organic
2023-01-05 06:00:00,1063.4969890633313,Referral
2023-01-05 07:00:00,1252.9825914230207,Paid
2023-01-05 08:00:00,772.3341842470493,Organic
2023-01-05 09:00:00,613.2969762383225,Direct
2023-01-05 10:00:00,443.7523093811109,Paid
2023-01-05 11:00:00,521.9267147440099,Organic
2023-01-05 12:00:00,1359.37600162399,Direct
2023-01-05 13:00:00,1719.0036215450257,Paid
2023-01-05 14:00:00,885.8534691528173,Referral
2023-01-05 15:00:00,569.6161890384658,Paid
2023-01-05 16:00:00,663.3038819746766,Direct
2023-01-05 17:00:00,1557.8027543020348,Organic
2023-01-05 18:00:00,1474.0701507842987,Organic
2023-01-05 19:00:00,1521.7331437243338,Organic
2023-01-05 20:00:00,1643.2223656188726,Referral
2023-01-05 21:00:00,1651.5123135159465,Organic
2023-01-05 22:00:00,1708.1258573736332,Organic
2023-01-05 23:00:00,323.8859775282453,Direct
2023-01-06 00:00:00,593.2481682016623,Direct
2023-01-06 01:00:00,802.2427051981115,Organic
2023-01-06 02:00:00,1686.9033918698237,Paid
2023-01-06 03:00:00,570.0249393041728,Organic
2023-01-06 04:00:00,1013.3946440578206,Paid
2023-01-06 05:00:00,507.5005569362294,Organic
2023-01-06 06:00:00,853.7407303526668,Paid
2023-01-06 07:00:00,393.1261003659919,Direct
2023-01-06 08:00:00,332.93522070109185,Organic
2023-01-06 09:00:00,1101.0612504834733,Referral
2023-01-06 10:00:00,1276.0029378873585,Direct
2023-01-06 11:00:00,312.1628736915466,Organic
2023-01-06 12:00:00,281.4462873016997,Referral
2023-01-06 13:00:00,1202.8243351276053,Paid
2023-01-06 14:00:00,263.46370809448007,Referral
2023-01-06 15:00:00,1652.7513268074047,Direct
2023-01-06 16:00:00,1171.3132374140857,Direct
2023-01-06 17:00:00,784.8784667757193,Paid
2023-01-06 18:00:00,1501.0952478561683,Paid
2023-01-06 19:00:00,125.19540470075358,Direct
2023-01-06 20:00:00,1593.4912217398676,Paid
2023-01-06 21:00:00,1274.3196328440515,Paid
2023-01-06 22:00:00,1473.5400104986836,Referral
2023-01-06 23:00:00,1170.726015627236,Organic
2023-01-07 00:00:00,271.0110540587659,Paid
2023-01-07 01:00:00,532.0715498640764,Referral
2023-01-07 02:00:00,654.9905338415563,Paid
2023-01-07 03:00:00,515.63447156383,Referral
2023-01-07 04:00:00,354.5646115012133,Direct
2023-01-07 05:00:00,526.0182926574785,Referral
2023-01-07 06:00:00,549.7161246657561,Paid
2023-01-07 07:00:00,639.1889582340807,Direct
2023-01-07 08:00:00,982.0986687959753,Direct
2023-01-07 09:00:00,922.5284442302566,Organic
2023-01-07 10:00:00,773.315520429109,Referral
2023-01-07 11:00:00,803.8575702890339,Direct
2023-01-07 12:00:00,950.5744862794935,Paid
2023-01-07 13:00:00,439.17190562299527,Organic
2023-01-07 14:00:00,988.4400412160367,Paid
2023-01-07 15:00:00,1304.5466972758943,Referral
2023-01-07 16:00:00,925.1598359272438,Paid
2023-01-07 17:00:00,420.69240195688343,Referral
2023-01-07 18:00:00,1388.2242276379523,Paid
2023-01-07 19:00:00,726.7397358123068,Paid
2023-01-07 20:00:00,1088.503962068118,Paid
2023-01-07 21:00:00,452.9076436590374,Organic
2023-01-07 22:00:00,1238.6055030500522,Organic
2023-01-07 23:00:00,400.7429934601665,Direct
2023-01-08 00:00:00,997.6750279348695,Direct
2023-01-08 01:00:00,479.4398268796665,Organic
2023-01-08 02:00:00,1406.6753999282503,Referral
2023-01-08 03:00:00,170.41684290797227,Paid
2023-01-08 04:00:00,183.5912939209604,Direct
2023-01-08 05:00:00,421.43156514693067,Paid
2023-01-08 06:00:00,514.8996013689915,Direct
2023-01-08 07:00:00,1169.1776572454485,Organic
2023-01-08 08:00:00,809.6087140375048,Direct
2023-01-08 09:00:00,1074.506288421386,Paid
2023-01-08 10:00:00,240.23767157133364,Referral
2023-01-08 11:00:00,50.0,Paid
2023-01-08 12:00:00,1158.917316541815,Direct
2023-01-08 13:00:00,840.3075269100182,Paid
2023-01-08 14:00:00,136.53021312778912,Organic
2023-01-08 15:00:00,773.5403762830517,Referral
2023-01-08 16:00:00,531.770615857652,Organic
2023-01-08 17:00:00,619.0057663877589,Direct
2023-01-08 18:00:00,963.2367019156277,Referral
2023-01-08 19:00:00,50.0,Organic
2023-01-08 20:00:00,37.54467774183956,Organic
2023-01-08 21:00:00,1210.428586398985,Direct
2023-01-08 22:00:00,966.2957198285638,Referral
2023-01-08 23:00:00,1128.7811934809215,Referral
2023-01-09 00:00:00,1013.0658625175153,Referral
2023-01-09 01:00:00,882.0575202898964,Organic
2023-01-09 02:00:00,244.4231733242658,Direct
2023-01-09 03:00:00,902.4149144960134,Organic
2023-01-09 04:00:00,82.69272827264548,Direct
2023-01-09 05:00:00,455.7142440309581,Direct
2023-01-09 06:00:00,92.24284362457125,Referral
2023-01-09 07:00:00,109.64641240751696,Direct
2023-01-09 08:00:00,550.6958978934431,Organic
2023-01-09 09:00:00,50.0,Paid
2023-01-09 10:00:00,1122.7500631374985,Referral
2023-01-09 11:00:00,637.1876570956268,Paid
2023-01-09 12:00:00,589.833369838407,Organic
2023-01-09 13:00:00,50.0,Organic
2023-01-09 14:00:00,416.7721085647816,Paid
2023-01-09 15:00:00,50.0,Organic
2023-01-09 16:00:00,1029.4942002927676,Paid
2023-01-09 17:00:00,798.5765500611454,Paid
2023-01-09 18:00:00,956.5850358044495,Organic
2023-01-09 19:00:00,50.0,Direct
2023-01-09 20:00:00,343.95695716970306,Paid
2023-01-09 21:00:00,941.4547929905964,Referral
2023-01-09 22:00:00,347.84027294465375,Paid
2023-01-09 23:00:00,522.1559769147377,Paid
2023-01-10 00:00:00,769.5784077475414,Paid
2023-01-10 01:00:00,1034.9527670713205,Direct
2023-01-10 02:00:00,325.68942080214117,Paid
2023-01-10 03:00:00,289.4583311427227,Paid
2023-01-10 04:00:00,535.3419267271979,Direct
2023-01-10 05:00:00,50.0,Paid
2023-01-10 06:00:00,50.0,Direct
2023-01-10 07:00:00,966.0404566012758,Organic
2023-01-10 08:00:00,50.0,Organic
2023-01-10 09:00:00,1051.6867586735887,Organic
2023-01-10 10:00:00,217.47068774241603,Paid
2023-01-10 11:00:00,809.7599664329389,Direct
2023-01-10 12:00:00,317.6514837343774,Referral
2023-01-10 13:00:00,50.0,Paid
2023-01-10 14:00:00,267.22113211164015,Direct
2023-01-10 15:00:00,312.65211992617145,Organic
2023-01-10 16:00:00,132.7800558439837,Direct
2023-01-10 17:00:00,50.0,Organic
2023-01-10 18:00:00,50.0,Direct
2023-01-10 19:00:00,50.0,Organic
2023-01-10 20:00:00,673.6199920233325,Organic
2023-01-10 21:00:00,1140.4355866855688,Referral
2023-01-10 22:00:00,659.3884725392201,Organic
2023-01-10 23:00:00,38.02265292056485,Paid
2023-01-11 00:00:00,316.9212664029253,Organic
2023-01-11 01:00:00,50.0,Organic
2023-01-11 02:00:00,50.0,Referral
2023-01-11 03:00:00,1015.0877077564824,Organic
2023-01-11 04:00:00,587.4723747034221,Referral
2023-01-11 05:00:00,50.0,Referral
2023-01-11 06:00:00,506.4285958922888,Paid
2023-01-11 07:00:00,20.53789901079022,Organic
2023-01-11 08:00:00,1041.507338227866,Direct
2023-01-11 09:00:00,50.0,Paid
2023-01-11 10:00:00,59.25886900894926,Paid
2023-01-11 11:00:00,50.0,Referral
2023-01-11 12:00:00,860.9508183888358,Referral
2023-01-11 13:00:00,914.165624307337,Referral
2023-01-11 14:00:00,868.1291013668368,Direct
2023-01-11 15:00:00,367.39362444785036,Referral
2023-01-11 16:00:00,247.0392257499558,Organic
2023-01-11 17:00:00,945.1964392475197,Paid
2023-01-11 18:00:00,739.065624515563,Paid
2023-01-11 19:00:00,50.0,Referral
2023-01-11 20:00:00,50.0,Paid
2023-01-11 21:00:00,50.0,Direct
2023-01-11 22:00:00,292.0789835999534,Paid
2023-01-11 23:00:00,1058.2287866740567,Paid
2023-01-12 00:00:00,684.6955181214523,Direct
2023-01-12 01:00:00,1162.7975032508716,Organic
2023-01-12 02:00:00,262.2547994133936,Organic
2023-01-12 03:00:00,427.0044327573024,Paid
2023-01-12 04:00:00,1071.3218755413236,Organic
2023-01-12 05:00:00,978.3657613122032,Referral
2023-01-12 06:00:00,50.0,Direct
2023-01-12 07:00:00,607.374729432033,Paid
2023-01-12 08:00:00,581.5504273858829,Paid
2023-01-12 09:00:00,50.0,Referral
2023-01-12 10:00:00,892.8876908278495,Direct
2023-01-12 11:00:00,751.9746725180238,Direct
2023-01-12 12:00:00,603.962982499184,Organic
2023-01-12 13:00:00,50.0,Paid
2023-01-12 14:00:00,21.315860335674863,Direct
2023-01-12 15:00:00,174.81750535129066,Direct
2023-01-12 16:00:00,1073.4683459332914,Referral
2023-01-12 17:00:00,50.0,Direct
2023-01-12 18:00:00,451.21502431731113,Paid
2023-01-12 19:00:00,440.9930726343031,Direct
2023-01-12 20:00:00,983.6726510965618,Referral
2023-01-12 21:00:00,1118.9531019381686,Paid
2023-01-12 22:00:00,834.7667097033745,Direct
2023-01-12 23:00:00,1128.5099365981837,Referral
2023-01-13 00:00:00,177.88596541544248,Paid
2023-01-13 01:00:00,8.82396090975444,Direct
2023-01-13 02:00:00,1007.8924409892609,Direct
2023-01-13 03:00:00,748.0274253463897,Direct
2023-01-13 04:00:00,841.6219665921276,Paid
2023-01-13 05:00:00,1275.3937537386073,Referral
2023-01-13 06:00:00,506.2434176575125,Direct
2023-01-13 07:00:00,978.5063883424891,Referral
2023-01-13 08:00:00,922.1671139613692,Direct
2023-01-13 09:00:00,291.1379998772438,Referral
2023-01-13 10:00:00,593.7443033979184,Organic
2023-01-13 11:00:00,943.4529187239775,Direct
2023-01-13 12:00:00,866.1917466453788,Paid
2023-01-13 13:00:00,919.7698933316389,Referral
2023-01-13 14:00:00,26.092872711115653,Organic
2023-01-13 15:00:00,255.03662907622441,Paid
2023-01-13 16:00:00,730.479211131414,Direct
2023-01-13 17:00:00,559.576827726941,Referral
2023-01-13 18:00:00,419.0748306528075,Organic
2023-01-13 19:00:00,1031.9252661231922,Organic
2023-01-13 20:00:00,476.6489296949779,Referral
2023-01-13 21:00:00,1343.991002028516,Referral
2023-01-13 22:00:00,1012.4948993174899,Paid
2023-01-13 23:00:00,1313.7959671996423,Paid
2023-01-14 00:00:00,50.0,Organic
2023-01-14 01:00:00,363.92214824938253,Direct
2023-01-14 02:00:00,145.6484968955522,Referral
2023-01-14 03:00:00,959.2354767057394,Referral
2023-01-14 04:00:00,229.3164957497426,Direct
2023-01-14 05:00:00,699.2586245674041,Organic
2023-01-14 06:00:00,470.60922303683157,Organic
2023-01-14 07:00:00,148.35794776685395,Paid
2023-01-14 08:00:00,629.4257093654576,Organic
2023-01-14 09:00:00,1151.4253532909277,Paid
2023-01-14 10:00:00,1521.810887750942,Referral
2023-01-14 11:00:00,982.3989118394977,Direct
2023-01-14 12:00:00,846.8157965126375,Direct
2023-01-14 13:00:00,1423.9036516600843,Referral
2023-01-14 14:00:00,361.36019333464895,Direct
2023-01-14 15:00:00,861.55273698726,Referral
2023-01-14 16:00:00,490.8138128062867,Direct
2023-01-14 17:00:00,231.04719538707175,Organic
2023-01-14 18:00:00,388.9069611462257,Direct
2023-01-14 19:00:00,1455.4226252094215,Referral
2023-01-14 20:00:00,1031.8488705076104,Paid
2023-01-14 21:00:00,1349.172658987237,Paid
2023-01-14 22:00:00,490.2065212940419,Paid
2023-01-14 23:00:00,328.8409149202402,Referral
2023-01-15 00:00:00,1065.6604133381786,Paid
2023-01-15 01:00:00,1108.4151703499163,Paid
2023-01-15 02:00:00,1535.521245237477,Organic
2023-01-15 03:00:00,1234.8289248232975,Organic
2023-01-15 04:00:00,928.9773848786243,Referral
2023-01-15 05:00:00,1025.7388131437822,Organic
2023-01-15 06:00:00,1276.2161578340547,Referral
2023-01-15 07:00:00,1341.4395095399395,Paid
2023-01-15 08:00:00,913.7803781156549,Organic
2023-01-15 09:00:00,868.9484669230364,Paid
2023-01-15 10:00:00,1508.6960510193042,Paid
2023-01-15 11:00:00,1392.8224923801843,Paid
2023-01-15 12:00:00,394.14759892236793,Organic
2023-01-15 13:00:00,867.0722956279735,Direct
2023-01-15 14:00:00,666.3423894148112,Paid
2023-01-15 15:00:00,1000.0261413897108,Organic
2023-01-15 16:00:00,277.03546300133,Organic
2023-01-15 17:00:00,276.00752631340447,Direct
2023-01-15 18:00:00,1656.3767863076152,Direct
2023-01-15 19:00:00,1499.5220060177255,Referral
2023-01-15 20:00:00,1395.4885681743374,Referral
2023-01-15 21:00:00,1017.5200889926064,Direct
2023-01-15 22:00:00,526.565471169065,Organic
2023-01-15 23:00:00,1123.6683577189929,Direct
2023-01-16 00:00:00,1631.4287074154058,Direct
2023-01-16 01:00:00,1754.2137743181772,Organic
2023-01-16 02:00:00,1384.0671994567083,Organic
2023-01-16 03:00:00,613.3611648045162,Paid
2023-01-16 04:00:00,1353.172023421341,Referral
2023-01-16 05:00:00,605.2769026792472,Direct
2023-01-16 06:00:00,1216.5637270703558,Direct
2023-01-16 07:00:00,1636.1268768534906,Referral
2023-01-16 08:00:00,1173.6106544133627,Organic
2023-01-16 09:00:00,1221.8591405342208,Direct
2023-01-16 10:00:00,1010.8427363809406,Direct
2023-01-16 11:00:00,984.4011039737023,Referral
2023-01-16 12:00:00,898.0812385525028,Direct
2023-01-16 13:00:00,1541.694967965807,Organic
2023-01-16 14:00:00,1590.0968857133346,Organic
2023-01-16 15:00:00,489.4674747790023,Paid
2023-01-16 16:00:00,1624.1726661256753,Paid
2023-01-16 17:00:00,1326.503402428108,Direct
2023-01-16 18:00:00,1470.924884160956,Referral
2023-01-16 19:00:00,1061.820573692341,Organic
2023-01-16 20:00:00,1738.0968868398584,Direct
2023-01-16 21:00:00,945.8527344515671,Referral
2023-01-16 22:00:00,766.7542926452242,Paid
2023-01-16 23:00:00,1866.2259643748032,Direct
2023-01-17 00:00:00,1744.9541931741119,Organic
2023-01-17 01:00:00,1636.029032533109,Direct
2023-01-17 02:00:00,1654.5786255929852,Organic
2023-01-17 03:00:00,1250.3556894301776,Referral
2023-01-17 04:00:00,998.6600106888877,Paid
2023-01-17 05:00:00,852.1088536502978,Referral
2023-01-17 06:00:00,902.9004914601325,Organic
2023-01-17 07:00:00,1539.944926454373,Direct
2023-01-17 08:00:00,1615.8125310312466,Direct
2023-01-17 09:00:00,1916.939287489201,Paid
2023-01-17 10:00:00,944.003360464459,Referral
2023-01-17 11:00:00,489.8723573327441,Direct
2023-01-17 12:00:00,1855.6187507250584,Direct
2023-01-17 13:00:00,1097.3504907230797,Referral
2023-01-17 14:00:00,587.263322175624,Direct
2023-01-17 15:00:00,1216.7067759845484,Organic
2023-01-17 16:00:00,741.7747778985096,Paid
2023-01-17 17:00:00,1305.6693213692288,Organic
2023-01-17 18:00:00,712.6305876753962,Referral
2023-01-17 19:00:00,1497.6873873567915,Direct
2023-01-17 20:00:00,617.7233566000892,Referral
2023-01-17 21:00:00,845.7103448315337,Direct
2023-01-17 22:00:00,1707.4239946065682,Paid
2023-01-17 23:00:00,882.7593248258156,Paid
2023-01-18 00:00:00,766.3397425106584,Referral
2023-01-18 01:00:00,1670.177598850665,Referral
2023-01-18 02:00:00,1198.661651038493,Organic
2023-01-18 03:00:00,597.2819816146523,Direct
2023-01-18 04:00:00,866.616427000868,Organic
2023-01-18 05:00:00,1607.6308295023523,Referral
2023-01-18 06:00:00,838.4740361251329,Organic
2023-01-18 07:00:00,473.7174281835088,Referral
2023-01-18 08:00:00,504.0931233569921,Referral
2023-01-18 09:00:00,817.622331024274,Paid
2023-01-18 10:00:00,1612.9382183913904,Organic
2023-01-18 11:00:00,1168.485363131647,Direct
2023-01-18 12:00:00,1615.3279086056775,Referral
2023-01-18 13:00:00,1626.03791688615,Direct
2023-01-18 14:00:00,1457.4772103607697,Organic
2023-01-18 15:00:00,1829.7145881662118,Referral
2023-01-18 16:00:00,967.4793782794131,Referral
2023-01-18 17:00:00,933.7437296773442,Referral
2023-01-18 18:00:00,651.5670783824966,Referral
2023-01-18 19:00:00,518.214419280911,Organic
2023-01-18 20:00:00,634.8379760219127,Direct
2023-01-18 21:00:00,1745.9935828441771,Direct
2023-01-18 22:00:00,1175.7507605310714,Paid
2023-01-18 23:00:00,829.8397541930482,Organic
2023-01-19 00:00:00,1620.287266914081,Referral
2023-01-19 01:00:00,703.4116099372429,Direct
2023-01-19 02:00:00,1437.7552813141456,Paid
2023-01-19 03:00:00,601.7898137872553,Paid
2023-01-19 04:00:00,1369.3678930230858,Paid
2023-01-19 05:00:00,1570.5088250805056,Direct
2023-01-19 06:00:00,912.3999660980262,Referral
2023-01-19 07:00:00,1644.9274772417189,Organic
2023-01-19 08:00:00,1016.2283021531563,Organic
2023-01-19 09:00:00,1525.5444048622176,Direct
2023-01-19 10:00:00,1106.1032910177005,Paid
2023-01-19 11:00:00,803.1146310402718,Direct
2023-01-19 12:00:00,295.0152647630515,Organic
2023-01-19 13:00:00,1235.698526670147,Referral
2023-01-19 14:00:00,823.7970588121773,Referral
2023-01-19 15:00:00,1725.0936110666764,Organic
2023-01-19 16:00:00,747.2817276187113,Paid
2023-01-19 17:00:00,1387.1048796147868,Paid
2023-01-19 18:00:00,319.7757877383217,Organic
2023-01-19 19:00:00,697.8302662169647,Direct
2023-01-19 20:00:00,963.5121399602236,Referral
2023-01-19 21:00:00,305.8315645634405,Organic
2023-01-19 22:00:00,534.2944196830063,Organic
2023-01-19 23:00:00,533.8320703625106,Referral
2023-01-20 00:00:00,818.0104614279574,Paid
2023-01-20 01:00:00,1031.0925657207938,Paid
2023-01-20 02:00:00,900.7661196611677,Organic
2023-01-20 03:00:00,309.9240162540108,Organic
2023-01-20 04:00:00,805.0676296980092,Organic
2023-01-20 05:00:00,1179.9432742201293,Direct
2023-01-20 06:00:00,1318.9036830651728,Direct
2023-01-20 07:00:00,966.5127765881955,Paid
2023-01-20 08:00:00,1020.1497787355695,Paid
2023-01-20 09:00:00,1217.8882964075583,Direct
2023-01-20 10:00:00,299.27191937122,Direct
2023-01-20 11:00:00,194.61370186486772,Referral
2023-01-20 12:00:00,481.17593879111905,Referral
2023-01-20 13:00:00,1059.7384235617544,Direct
2023-01-20 14:00:00,129.59302388238987,Referral
2023-01-20 15:00:00,222.23839532133383,Paid
2023-01-20 16:00:00,750.3570358567096,Organic
2023-01-20 17:00:00,75.54208182266372,Paid
2023-01-20 18:00:00,1441.363695262726,Organic
2023-01-20 19:00:00,89.44656710184717,Direct
2023-01-20 20:00:00,663.4312917909563,Organic
2023-01-20 21:00:00,496.28860969194557,Direct
2023-01-20 22:00:00,1044.8440038879664,Referral
2023-01-20 23:00:00,846.2261414393847,Referral
2023-01-21 00:00:00,1080.4421552743718,Paid
2023-01-21 01:00:00,728.8800510881784,Direct
2023-01-21 02:00:00,521.7355106852649,Direct
2023-01-21 03:00:00,1367.3733815667722,Organic
2023-01-21 04:00:00,1281.5167271210253,Direct
2023-01-21 05:00:00,789.0854828023424,Direct
2023-01-21 06:00:00,987.4594226668182,Direct
2023-01-21 07:00:00,353.4220756866081,Referral
2023-01-21 08:00:00,1298.9208001382583,Referral
2023-01-21 09:00:00,1156.464033806056,Organic
2023-01-21 10:00:00,835.980881644482,Organic
2023-01-21 11:00:00,474.6231320687613,Direct
2023-01-21 12:00:00,79.45679364762229,Referral
2023-01-21 13:00:00,684.7315499669421,Paid
2023-01-21 14:00:00,288.0701669857614,Organic
2023-01-21 15:00:00,1268.505116855053,Referral
2023-01-21 16:00:00,228.07465810037826,Direct
2023-01-21 17:00:00,342.33914329126674,Direct
2023-01-21 18:00:00,1361.9555004004321,Paid
2023-01-21 19:00:00,1154.1796885410438,Direct
2023-01-21 20:00:00,930.2792488184144,Referral
2023-01-21 21:00:00,494.7228170973579,Direct
2023-01-21 22:00:00,455.6974282355158,Paid
2023-01-21 23:00:00,223.2143271752983,Referral
2023-01-22 00:00:00,818.8384084906045,Referral
2023-01-22 01:00:00,752.1737013863001,Referral
2023-01-22 02:00:00,230.10809447935057,Referral
2023-01-22 03:00:00,291.1315996364853,Direct
2023-01-22 04:00:00,1210.2095146890736,Organic
2023-01-22 05:00:00,157.6444009922344,Direct
2023-01-22 06:00:00,960.7659652794675,Organic
2023-01-22 07:00:00,50.0,Paid
2023-01-22 08:00:00,50.0,Referral
2023-01-22 09:00:00,231.2682241954834,Organic
2023-01-22 10:00:00,633.3192058105641,Referral
2023-01-22 11:00:00,612.0898788720468,Direct
2023-01-22 12:00:00,975.4245432880812,Direct
2023-01-22 13:00:00,202.4653767665497,Paid
2023-01-22 14:00:00,1016.1701604880777,Direct
2023-01-22 15:00:00,471.33369325125767,Direct
2023-01-22 16:00:00,284.43843086349165,Referral
2023-01-22 17:00:00,738.6238133237018,Referral
2023-01-22 18:00:00,348.74143314397963,Direct
2023-01-22 19:00:00,674.5184506242582,Organic
2023-01-22 20:00:00,50.0,Paid
2023-01-22 21:00:00,1055.183143381097,Organic
2023-01-22 22:00:00,50.0,Organic
2023-01-22 23:00:00,506.64811758870826,Organic
2023-01-23 00:00:00,220.52914246859478,Referral
2023-01-23 01:00:00,951.9843141722454,Organic
2023-01-23 02:00:00,177.1808057488932,Paid
2023-01-23 03:00:00,50.0,Referral
2023-01-23 04:00:00,596.7395651098071,Direct
2023-01-23 05:00:00,393.5244469310529,Direct
2023-01-23 06:00:00,623.4414042901824,Paid
2023-01-23 07:00:00,50.0,Paid
2023-01-23 08:00:00,1018.0112004962739,Paid
2023-01-23 09:00:00,1138.0382001959463,Direct
2023-01-23 10:00:00,284.16205178354494,Referral
2023-01-23 11:00:00,50.0,Referral
2023-01-23 12:00:00,987.8784066593817,Direct
2023-01-23 13:00:00,250.25799620422416,Paid
2023-01-23 14:00:00,131.5861175590495,Direct
2023-01-23 15:00:00,722.8668417138401,Direct
2023-01-23 16:00:00,1102.95292578161,Organic
2023-01-23 17:00:00,50.0,Paid
2023-01-23 18:00:00,50.0,Organic
2023-01-23 19:00:00,156.367178368367,Organic
2023-01-23 20:00:00,171.33746697062674,Referral
2023-01-23 21:00:00,635.2720065878714,Paid
2023-01-23 22:00:00,626.4822741431883,Referral
2023-01-23 23:00:00,50.0,Organic
2023-01-24 00:00:00,670.4985990309418,Referral
2023-01-24 01:00:00,715.7602843130393,Direct
2023-01-24 02:00:00,644.7684039122872,Organic
2023-01-24 03:00:00,881.5395391898529,Referral
2023-01-24 04:00:00,678.7208694888207,Referral
2023-01-24 05:00:00,93.20981049365884,Referral
2023-01-24 06:00:00,50.0,Paid
2023-01-24 07:00:00,268.5332953885548,Paid
2023-01-24 08:00:00,510.07076072075114,Organic
2023-01-24 09:00:00,846.8479858197959,Referral
2023-01-24 10:00:00,443.47911364094875,Direct
2023-01-24 11:00:00,1110.0173010196515,Direct
2023-01-24 12:00:00,921.1432415059263,Referral
2023-01-24 13:00:00,2.4553357329936585,Referral
2023-01-24 14:00:00,78.68914944393026,Referral
2023-01-24 15:00:00,160.6185278074103,Direct
2023-01-24 16:00:00,356.28260511550343,Paid
2023-01-24 17:00:00,50.0,Referral
2023-01-24 18:00:00,819.7507593991292,Paid
2023-01-24 19:00:00,189.6119314732585,Organic
2023-01-24 20:00:00,697.6219961729246,Organic
2023-01-24 21:00:00,1102.3311586545112,Organic
2023-01-24 22:00:00,50.0,Direct
2023-01-24 23:00:00,988.5701514894691,Organic
2023-01-25 00:00:00,50.0,Referral
2023-01-25 01:00:00,281.99732157721616,Referral
2023-01-25 02:00:00,1055.0390165303581,Paid
2023-01-25 03:00:00,797.1858876937113,Direct
2023-01-25 04:00:00,116.26733274664012,Referral
2023-01-25 05:00:00,634.8008270670522,Paid
2023-01-25 06:00:00,50.0,Organic
2023-01-25 07:00:00,589.6195993323183,Paid
2023-01-25 08:00:00,1213.7413418523472,Paid
2023-01-25 09:00:00,244.79058353552628,Direct
2023-01-25 10:00:00,925.1214502799533,Paid
2023-01-25 11:00:00,385.46951324134113,Paid
2023-01-25 12:00:00,239.50156263804456,Organic
2023-01-25 13:00:00,822.9057241622999,Organic
2023-01-25 14:00:00,837.1942672997179,Direct
2023-01-25 15:00:00,232.357193498114,Paid
2023-01-25 16:00:00,201.30341821232378,Direct
2023-01-25 17:00:00,129.51692355450933,Organic
2023-01-25 18:00:00,1029.2275742810582,Organic
2023-01-25 19:00:00,1013.5717066669279,Paid
2023-01-25 20:00:00,75.7866817118161,Paid
2023-01-25 21:00:00,50.0,Referral
2023-01-25 22:00:00,507.65475577798304,Paid
2023-01-25 23:00:00,26.541503789321723,Direct
2023-01-26 00:00:00,1019.4519747071514,Referral
2023-01-26 01:00:00,456.19702560020784,Direct
2023-01-26 02:00:00,183.73921557828487,Organic
2023-01-26 03:00:00,50.0,Referral
2023-01-26 04:00:00,67.17059553882444,Direct
2023-01-26 05:00:00,1281.7738457002247,Paid
2023-01-26 06:00:00,676.9133284060573,Direct
2023-01-26 07:00:00,940.1811647274067,Direct
2023-01-26 08:00:00,629.4046127595767,Direct
2023-01-26 09:00:00,534.3895710538457,Direct
2023-01-26 10:00:00,895.1133607836862,Referral
2023-01-26 11:00:00,414.44782619310126,Referral
2023-01-26 12:00:00,1434.5318738232204,Organic
2023-01-26 13:00:00,790.5296255317317,Direct
2023-01-26 14:00:00,1192.210036310712,Organic
2023-01-26 15:00:00,83.10191301850298,Referral
2023-01-26 16:00:00,1083.5877479516862,Paid
2023-01-26 17:00:00,125.87791821833906,Referral
2023-01-26 18:00:00,1115.9394755411872,Paid
2023-01-26 19:00:00,767.318567779395,Referral
2023-01-26 20:00:00,1167.316141337103,Referral
2023-01-26 21:00:00,281.7268562792034,Direct
2023-01-26 22:00:00,837.7991111226964,Organic
2023-01-26 23:00:00,522.8404312085445,Direct
2023-01-27 00:00:00,196.90325091529164,Organic
2023-01-27 01:00:00,1072.2260016953996,Paid
2023-01-27 02:00:00,712.1064325827774,Organic
2023-01-27 03:00:00,1346.6035912377065,Paid
2023-01-27 04:00:00,1371.61996842532,Paid
2023-01-27 05:00:00,492.74069953135097,Paid
2023-01-27 06:00:00,831.1388741471874,Referral
2023-01-27 07:00:00,1235.501792441259,Paid
2023-01-27 08:00:00,749.2891510517456,Direct
2023-01-27 09:00:00,1146.419247721942,Referral
2023-01-27 10:00:00,681.4898658588501,Paid
2023-01-27 11:00:00,1168.4686247816344,Referral
2023-01-27 12:00:00,551.791049141629,Referral
2023-01-27 13:00:00,865.2038281811917,Direct
2023-01-27 14:00:00,1538.8469015425926,Paid
2023-01-27 15:00:00,1161.0082791174616,Referral
2023-01-27 16:00:00,171.11531252953804,Referral
2023-01-27 17:00:00,799.1977707377297,Referral
2023-01-27 18:00:00,297.6993732502546,Referral
2023-01-27 19:00:00,902.914824547317,Organic
2023-01-27 20:00:00,1337.4965959391202,Referral
2023-01-27 21:00:00,1350.6177783028581,Referral
2023-01-27 22:00:00,182.46792423669962,Direct
2023-01-27 23:00:00,1339.3343889993325,Referral
2023-01-28 00:00:00,1112.1352555343929,Direct
2023-01-28 01:00:00,1161.37464104255,Direct
2023-01-28 02:00:00,1343.1320985093025,Paid
2023-01-28 03:00:00,1477.8304972716128,Paid
2023-01-28 04:00:00,350.58526965306606,Paid
2023-01-28 05:00:00,1025.5649811046148,Organic
2023-01-28 06:00:00,294.5706288851879,Direct
2023-01-28 07:00:00,1331.9320982622944,Referral
2023-01-28 08:00:00,1055.2663569020613,Paid
2023-01-28 09:00:00,587.329386998629,Paid
2023-01-28 10:00:00,350.2654507869393,Referral
2023-01-28 11:00:00,1415.9691559065063,Referral
2023-01-28 12:00:00,449.7266368002353,Direct
2023-01-28 13:00:00,313.69519183277396,Organic
2023-01-28 14:00:00,880.2513105936101,Organic
2023-01-28 15:00:00,930.7945076157463,Organic
2023-01-28 16:00:00,1268.0259638537557,Paid
2023-01-28 17:00:00,855.7645259756365,Direct
2023-01-28 18:00:00,732.490890809497,Organic
2023-01-28 19:00:00,422.76741967195505,Paid
2023-01-28 20:00:00,1720.7738238428594,Paid
2023-01-28 21:00:00,908.2208773813398,Direct
2023-01-28 22:00:00,1681.7888648880603,Organic
2023-01-28 23:00:00,361.5180374230914,Organic
2023-01-29 00:00:00,1617.7256203119302,Paid
2023-01-29 01:00:00,1185.9135329124108,Paid
2023-01-29 02:00:00,1619.4600370538394,Paid
2023-01-29 03:00:00,1101.6027521599103,Paid
2023-01-29 04:00:00,1806.9649507544505,Referral
2023-01-29 05:00:00,538.0787012140124,Referral
2023-01-29 06:00:00,1671.1087158839805,Referral
2023-01-29 07:00:00,959.5673022359153,Direct
2023-01-29 08:00:00,1044.0056330882974,Organic
2023-01-29 09:00:00,713.8804905958611,Organic
2023-01-29 10:00:00,1721.8254416940406,Paid
2023-01-29 11:00:00,935.0305424582606,Referral
2023-01-29 12:00:00,662.0023031102619,Direct
2023-01-29 13:00:00,1771.2631607384133,Referral
2023-01-29 14:00:00,1336.013421434496,Referral
2023-01-29 15:00:00,1547.6134773638437,Organic
2023-01-29 16:00:00,1684.3944938553886,Referral
2023-01-29 17:00:00,1110.3532795989736,Paid
2023-01-29 18:00:00,933.8453055651345,Direct
2023-01-29 19:00:00,520.6688788963324,Referral
2023-01-29 20:00:00,1379.0433274969453,Paid
2023-01-29 21:00:00,1773.0009632599558,Organic
2023-01-29 22:00:00,1111.5442504344662,Paid
2023-01-29 23:00:00,992.1340946126262,Paid
2023-01-30 00:00:00,1846.3715690175104,Referral
2023-01-30 01:00:00,583.991348081212,Referral
2023-01-30 02:00:00,1516.9857913269734,Organic
2023-01-30 03:00:00,482.6367137305371,Paid
2023-01-30 04:00:00,1000.3059919440615,Paid
2023-01-30 05:00:00,812.3610248952966,Referral
2023-01-30 06:00:00,1693.4789715339175,Paid
2023-01-30 07:00:00,892.8145523977119,Direct
2023-01-30 08:00:00,504.46446237842264,Paid
2023-01-30 09:00:00,944.1862365579507,Direct
2023-01-30 10:00:00,1845.650502949375,Direct
2023-01-30 11:00:00,621.9301468613492,Paid
2023-01-30 12:00:00,590.7783680309134,Organic
2023-01-30 13:00:00,1058.270465477229,Direct
2023-01-30 14:00:00,1198.2602876311116,Organic
2023-01-30 15:00:00,625.7610259811684,Organic
2023-01-30 16:00:00,1344.1548400357972,Organic
2023-01-30 17:00:00,1077.8094176288341,Referral
2023-01-30 18:00:00,1769.9916829868487,Organic
2023-01-30 19:00:00,953.0991803619671,Direct
2023-01-30 20:00:00,1741.8733575372075,Referral
2023-01-30 21:00:00,550.5818985819933,Referral
2023-01-30 22:00:00,925.901300249049,Direct
2023-01-30 23:00:00,1674.833975090923,Paid
2023-01-31 00:00:00,1029.9753892675797,Paid
2023-01-31 01:00:00,1679.729717988521,Direct
2023-01-31 02:00:00,1565.9224581200124,Direct
2023-01-31 03:00:00,496.7937059225404,Organic
2023-01-31 04:00:00,1119.6054688095408,Organic
2023-01-31 05:00:00,1062.4891188998467,Organic
2023-01-31 06:00:00,1573.8716542904217,Referral
2023-01-31 07:00:00,1815.3807903116003,Direct
2023-01-31 08:00:00,1166.2408962882946,Referral
2023-01-31 09:00:00,444.9161556997709,Organic
2023-01-31 10:00:00,1194.333013839578,Referral
2023-01-31 11:00:00,1373.3717626932262,Organic
2023-01-31 12:00:00,1214.3282726383122,Referral
2023-01-31 13:00:00,675.224777576126,Direct
2023-01-31 14:00:00,1495.2686205749778,Organic
2023-01-31 15:00:00,1171.593897573381,Referral
2023-01-31 16:00:00,1289.5541813555687,Referral
2023-01-31 17:00:00,1272.490805272902,Organic
2023-01-31 18:00:00,379.58396565999146,Organic
2023-01-31 19:00:00,782.743006435562,Paid
2023-01-31 20:00:00,998.477044426193,Paid
2023-01-31 21:00:00,1429.350122145644,Paid
2023-01-31 22:00:00,437.59744166421393,Organic
2023-01-31 23:00:00,974.425551497579,Referral
2023-02-01 00:00:00,1681.7772443932288,Direct
2023-02-01 01:00:00,1159.515480459763,Referral
2023-02-01 02:00:00,540.0975045213767,Organic
2023-02-01 03:00:00,354.5968077363618,Paid
2023-02-01 04:00:00,643.6897959258732,Organic
2023-02-01 05:00:00,392.1980374250543,Organic
2023-02-01 06:00:00,1654.1394899588843,Paid
2023-02-01 07:00:00,1578.3365748842475,Direct
2023-02-01 08:00:00,412.10942672977404,Direct
2023-02-01 09:00:00,465.2338772026692,Direct
2023-02-01 10:00:00,1795.3998572603284,Referral
2023-02-01 11:00:00,1046.6252602833972,Direct
2023-02-01 12:00:00,316.7109409436962,Direct
2023-02-01 13:00:00,829.0840789815236,Direct
2023-02-01 14:00:00,845.9995917958885,Organic
2023-02-01 15:00:00,263.3867611344341,Referral
2023-02-01 16:00:00,158.67900150820594,Organic
2023-02-01 17:00:00,273.85356143865033,Direct
2023-02-01 18:00:00,952.6729036182516,Direct
2023-02-01 19:00:00,1095.3757212840967,Direct
2023-02-01 20:00:00,703.0347132042164,Referral
2023-02-01 21:00:00,1386.5533695335287,Paid
2023-02-01 22:00:00,941.4248379247641,Referral
2023-02-01 23:00:00,1607.716134992991,Referral
2023-02-02 00:00:00,891.1935870559645,Paid
2023-02-02 01:00:00,254.79979473168987,Referral
2023-02-02 02:00:00,1104.3009850918438,Organic
2023-02-02 03:00:00,643.9461318550076,Organic
2023-02-02 04:00:00,1420.7657353311802,Paid
2023-02-02 05:00:00,132.75386742480075,Paid
2023-02-02 06:00:00,634.1193251397995,Organic
2023-02-02 07:00:00,1108.0684455513438,Direct
2023-02-02 08:00:00,1305.454034608301,Direct
2023-02-02 09:00:00,157.03143085601002,Referral
2023-02-02 10:00:00,255.60425680507305,Organic
2023-02-02 11:00:00,1365.8496626077053,Direct
2023-02-02 12:00:00,1031.0566726550285,Paid
2023-02-02 13:00:00,113.76899888064077,Paid
2023-02-02 14:00:00,1119.3284965326811,Direct
2023-02-02 15:00:00,1147.6916094770263,Referral
2023-02-02 16:00:00,907.4521882960975,Referral
2023-02-02 17:00:00,136.92034639495097,Organic
2023-02-02 18:00:00,928.5957151542992,Paid
2023-02-02 19:00:00,666.5654066181364,Referral
2023-02-02 20:00:00,638.668135823458,Referral
2023-02-02 21:00:00,1314.3411742694898,Paid
2023-02-02 22:00:00,772.2443392537867,Organic
2023-02-02 23:00:00,1150.2709348155367,Direct
2023-02-03 00:00:00,50.0,Paid
2023-02-03 01:00:00,1376.4902687974716,Paid
2023-02-03 02:00:00,588.0846720894151,Referral
2023-02-03 03:00:00,921.7855870899879,Organic
2023-02-03 04:00:00,980.4862412780396,Referral
2023-02-03 05:00:00,50.0,Paid
2023-02-03 06:00:00,513.7703859974455,Direct
2023-02-03 07:00:00,1353.503192250691,Paid
2023-02-03 08:00:00,864.1723345287718,Direct
2023-02-03 09:00:00,349.5233276469879,Referral
2023-02-03 10:00:00,539.4886844487992,Paid
2023-02-03 11:00:00,1279.264040003721,Paid
2023-02-03 12:00:00,902.7813621044689,Organic
2023-02-03 13:00:00,472.31004612507377,Organic
2023-02-03 14:00:00,536.6512659437294,Paid
2023-02-03 15:00:00,659.7220187056622,Paid
2023-02-03 16:00:00,374.50611863569304,Referral
2023-02-03 17:00:00,936.0121083904869,Direct
2023-02-03 18:00:00,50.0,Paid
2023-02-03 19:00:00,391.18081751941224,Direct
2023-02-03 20:00:00,463.93165998193007,Organic
2023-02-03 21:00:00,668.0459563642761,Organic
2023-02-03 22:00:00,436.6518012649539,Paid
2023-02-03 23:00:00,177.0887884892399,Paid
2023-02-04 00:00:00,1017.9449612058453,Paid
2023-02-04 01:00:00,77.34706617204766,Organic
2023-02-04 02:00:00,1236.6881847542347,Direct
2023-02-04 03:00:00,50.0,Paid
2023-02-04 04:00:00,675.1142052904387,Paid
2023-02-04 05:00:00,98.25138137547293,Organic
2023-02-04 06:00:00,463.87679188773575,Direct
2023-02-04 07:00:00,544.0989792241076,Paid
2023-02-04 08:00:00,50.0,Organic
2023-02-04 09:00:00,50.0,Organic
2023-02-04 10:00:00,947.6047128119799,Direct
2023-02-04 11:00:00,788.7802186175677,Direct
2023-02-04 12:00:00,1170.9080261032739,Paid
2023-02-04 13:00:00,752.2731963912313,Paid
2023-02-04 14:00:00,746.8473868860901,Referral
2023-02-04 15:00:00,50.0,Direct
2023-02-04 16:00:00,696.2792688780506,Organic
2023-02-04 17:00:00,841.7404141343195,Direct
2023-02-04 18:00:00,192.5354704736071,Paid
2023-02-04 19:00:00,1207.7482017410807,Organic
2023-02-04 20:00:00,921.184741345754,Organic
2023-02-04 21:00:00,586.8505167007875,Referral
2023-02-04 22:00:00,50.0,Paid
2023-02-04 23:00:00,806.5302200648925,Referral
2023-02-05 00:00:00,86.11383009256356,Paid
2023-02-05 01:00:00,50.0,Organic
2023-02-05 02:00:00,532.2402146370797,Direct
2023-02-05 03:00:00,50.0,Referral
2023-02-05 04:00:00,50.0,Paid
2023-02-05 05:00:00,50.0,Organic
2023-02-05 06:00:00,1061.5609225963167,Direct
2023-02-05 07:00:00,771.6721064383618,Referral
2023-02-05 08:00:00,513.5472380295674,Direct
2023-02-05 09:00:00,748.6004811575999,Paid
2023-02-05 10:00:00,540.9145701572639,Direct
2023-02-05 11:00:00,1130.9344126723638,Organic
2023-02-05 12:00:00,774.4149799468894,Direct
2023-02-05 13:00:00,1132.8093782569272,Organic
2023-02-05 14:00:00,50.0,Paid
2023-02-05 15:00:00,603.1601604311597,Paid
2023-02-05 16:00:00,337.03062657682756,Direct
2023-02-05 17:00:00,332.99199308166806,Organic
2023-02-05 18:00:00,50.0,Referral
2023-02-05 19:00:00,915.9414425374443,Referral
2023-02-05 20:00:00,50.0,Organic
2023-02-05 21:00:00,831.7785521928264,Organic
2023-02-05 22:00:00,50.0,Organic
2023-02-05 23:00:00,242.7604054066935,Organic
2023-02-06 00:00:00,50.0,Direct
2023-02-06 01:00:00,192.53709777686282,Paid
2023-02-06 02:00:00,361.19614328680495,Direct
2023-02-06 03:00:00,80.10594593566489,Organic
2023-02-06 04:00:00,50.0,Paid
2023-02-06 05:00:00,318.65392147760116,Paid
2023-02-06 06:00:00,50.0,Paid
2023-02-06 07:00:00,50.0,Organic
2023-02-06 08:00:00,692.9350500665304,Paid
2023-02-06 09:00:00,394.87222076638625,Referral
2023-02-06 10:00:00,50.0,Direct
2023-02-06 11:00:00,50.0,Organic
2023-02-06 12:00:00,105.86523376828647,Organic
2023-02-06 13:00:00,970.3964467522543,Referral
2023-02-06 14:00:00,657.8639625596182,Organic
2023-02-06 15:00:00,426.2075084750144,Direct
2023-02-06 16:00:00,101.86471760317787,Direct
2023-02-06 17:00:00,676.1835582947157,Direct
2023-02-06 18:00:00,50.0,Direct
2023-02-06 19:00:00,562.8545336128198,Referral
2023-02-06 20:00:00,50.0,Paid
2023-02-06 21:00:00,434.26569076519036,Direct
2023-02-06 22:00:00,959.366828072516,Organic
2023-02-06 23:00:00,1147.6153548530726,Direct
2023-02-07 00:00:00,813.5256200964775,Organic
2023-02-07 01:00:00,365.463050175594,Referral
2023-02-07 02:00:00,41.32887734263676,Organic
2023-02-07 03:00:00,365.1049552316408,Organic
2023-02-07 04:00:00,983.4035797328454,Referral
2023-02-07 05:00:00,686.1270083489251,Referral
2023-02-07 06:00:00,667.8820424003437,Referral
2023-02-07 07:00:00,770.7246561997488,Direct
2023-02-07 08:00:00,515.7763705604151,Direct
2023-02-07 09:00:00,330.8749631129118,Referral
2023-02-07 10:00:00,132.31116968970758,Referral
2023-02-07 11:00:00,754.9939069655203,Organic
2023-02-07 12:00:00,178.172323190523,Paid
2023-02-07 13:00:00,368.1554192414738,Referral
2023-02-07 14:00:00,50.0,Organic
2023-02-07 15:00:00,50.0,Direct
2023-02-07 16:00:00,670.7202570118086,Referral
2023-02-07 17:00:00,737.275527507007,Paid
2023-02-07 18:00:00,735.2860918242865,Organic
2023-02-07 19:00:00,415.5821755274533,Referral
2023-02-07 20:00:00,534.4855882398082,Paid
2023-02-07 21:00:00,50.0,Organic
2023-02-07 22:00:00,1205.3840755159824,Direct
2023-02-07 23:00:00,50.0,Direct
2023-02-08 00:00:00,387.3885881285494,Referral
2023-02-08 01:00:00,50.0,Paid
2023-02-08 02:00:00,573.6948325758596,Direct
2023-02-08 03:00:00,471.4595083655078,Organic
2023-02-08 04:00:00,428.95508165522364,Direct
2023-02-08 05:00:00,358.16954510964166,Direct
2023-02-08 06:00:00,576.3540155434025,Paid
2023-02-08 07:00:00,49.74193396097276,Direct
2023-02-08 08:00:00,824.8430987118054,Paid
2023-02-08 09:00:00,109.53086204452643,Referral
2023-02-08 10:00:00,894.2690427553534,Paid
2023-02-08 11:00:00,1411.2540636210863,Direct
2023-02-08 12:00:00,24.740225394888874,Direct
2023-02-08 13:00:00,1129.6845256963477,Organic
2023-02-08 14:00:00,1099.9822392179165,Organic
2023-02-08 15:00:00,1044.8584086991111,Direct
2023-02-08 16:00:00,756.6849253539465,Organic
2023-02-08 17:00:00,1046.0437556638312,Paid
2023-02-08 18:00:00,596.0475576484541,Referral
2023-02-08 19:00:00,1067.3315732685558,Referral
2023-02-08 20:00:00,1277.791563950299,Organic
2023-02-08 21:00:00,882.5786672154998,Paid
2023-02-08 22:00:00,1073.5164584814988,Paid
2023-02-08 23:00:00,1335.2727830209622,Paid
2023-02-09 00:00:00,1280.5360104545568,Paid
2023-02-09 01:00:00,1235.572529218164,Direct
2023-02-09 02:00:00,986.2880621443835,Referral
2023-02-09 03:00:00,828.7234705791294,Direct
2023-02-09 04:00:00,136.10442474474593,Referral
2023-02-09 05:00:00,482.70674283535726,Referral
2023-02-09 06:00:00,1296.8412557592142,Referral
2023-02-09 07:00:00,321.36809939119405,Paid
2023-02-09 08:00:00,1062.6360621985275,Organic
2023-02-09 09:00:00,752.5789048306176,Paid
2023-02-09 10:00:00,691.4112534012613,Organic
2023-02-09 11:00:00,522.39993773359,Direct
2023-02-09 12:00:00,468.69594420632484,Organic
2023-02-09 13:00:00,305.46796535989444,Direct
2023-02-09 14:00:00,51.22188743748673,Referral
2023-02-09 15:00:00,197.7676486917283,Paid
2023-02-09 16:00:00,643.180145355403,Referral
2023-02-09 17:00:00,831.1995212249948,Referral
2023-02-09 18:00:00,667.9364645776037,Direct
2023-02-09 19:00:00,1513.5169061936379,Organic
2023-02-09 20:00:00,992.0201245583198,Direct
2023-02-09 21:00:00,1448.172824838196,Direct
2023-02-09 22:00:00,574.0649147104342,Paid
2023-02-09 23:00:00,832.3702430678128,Referral
2023-02-10 00:00:00,1488.9990349200223,Paid
2023-02-10 01:00:00,1196.687820350557,Referral
2023-02-10 02:00:00,798.0084499770434,Paid
2023-02-10 03:00:00,278.09351576936575,Paid
2023-02-10 04:00:00,1336.6190691712286,Referral
2023-02-10 05:00:00,1311.3199063637128,Direct
2023-02-10 06:00:00,205.0219129899528,Organic
2023-02-10 07:00:00,1372.0003426492249,Direct
2023-02-10 08:00:00,1557.51312190265,Direct
2023-02-10 09:00:00,688.71827872724,Paid
2023-02-10 10:00:00,1416.3735848154604,Paid
2023-02-10 11:00:00,681.8425295679407,Referral
2023-02-10 12:00:00,871.6637351986052,Referral
2023-02-10 13:00:00,410.29308959076656,Organic
2023-02-10 14:00:00,957.6700080541057,Referral
2023-02-10 15:00:00,834.5731776354095,Referral
2023-02-10 16:00:00,927.139077715387,Referral
2023-02-10 17:00:00,974.9106732960646,Paid
2023-02-10 18:00:00,1256.4592736436684,Referral
2023-02-10 19:00:00,385.72079289034184,Paid
2023-02-10 20:00:00,380.85362064675263,Organic
2023-02-10 21:00:00,1571.4284457978545,Referral
2023-02-10 22:00:00,1214.7550193495742,Organic
2023-02-10 23:00:00,1670.3020203963595,Paid
2023-02-11 00:00:00,589.1384173382528,Organic
2023-02-11 01:00:00,846.8798515420192,Paid
2023-02-11 02:00:00,787.4046085453092,Referral
2023-02-11 03:00:00,387.5528808761585,Direct
2023-02-11 04:00:00,384.8626274509965,Organic
2023-02-11 05:00:00,851.2140638285848,Organic
2023-02-11 06:00:00,426.4587337698791,Direct
2023-02-11 07:00:00,1389.1817956379007,Paid
2023-02-11 08:00:00,1810.5344246048458,Organic
2023-02-11 09:00:00,573.9715353468592,Paid
2023-02-11 10:00:00,965.230900635302,Referral
2023-02-11 11:00:00,1190.2685350033498,Paid
2023-02-11 12:00:00,501.77556781386113,Organic
2023-02-11 13:00:00,1386.6354935141253,Direct
2023-02-11 14:00:00,744.2150892214104,Organic
2023-02-11 15:00:00,762.2605989141741,Paid
